id,sentence,topic
1,The chef seasoned the soup with fresh herbs and salt,cooking
2,She seasoned the grilled vegetables and served them with rice,cooking
3,The recipe calls for fresh herbs flour and sugar,cooking
4,Astronauts aboard the space station conducted new experiments,space
5,The rocket launched into orbit toward the space station,space
6,Scientists discovered a new exoplanet in deep space,space
7,The team scored a goal in the final minute of the match,sports
8,Players trained hard before the championship match,sports
9,The coach praised the teams defense after the match,sports
